PID	Name	Description	Price	Cost	FeatureVector
0	Aethelred Luxury Chronograph	"A Swiss-made automatic timepiece with a polished stainless steel case, sapphire crystal glass, and a handcrafted alligator leather strap. A symbol of timeless elegance and precision engineering."	499	400	"[0.9, 0.2, 0.9, 0.1, -0.8]"
1	Aura Smart Thermostat	"An AI-powered thermostat that learns your schedule to optimize heating and cooling, saving up to 20% on energy bills. Features a sleek, minimalist design and remote control via a mobile app."	180	110	"[0.6, 0.9, 0.6, 0.8, 0.9]"
2	Artisan Handcrafted Leather Tote	"A full-grain leather tote bag, stitched by hand. Develops a unique patina over time. Perfect for daily use, combining classic style with robust construction."	99	14	"[0.8, 0.6, 0.9, 0.3, -0.9]"
3	Terra Organic Cotton T-Shirt	"A classic crewneck t-shirt made from 100% GOTS-certified organic cotton. Soft, breathable, and ethically produced in a carbon-neutral factory."	40	8	"[0.2, 0.5, 0.5, 0.9, -0.5]"
4	Pulse Budget Bluetooth Speaker	"A compact, portable speaker with 8 hours of battery life and decent sound quality for its price. Housed in a generic plastic casing. Ideal for students or casual listeners."	30	12	"[-0.7, 0.8, -0.6, -0.4, 0.2]"
5	EcoScribe Recycled Notebook Trio	"A set of three A5 notebooks made from 100% post-consumer recycled paper. Simple, functional, and perfect for jotting down notes while minimizing environmental impact."	15	6	"[-0.4, 0.6, -0.5, 0.9, -0.8]"
6	AeroSight 4K Professional Drone	"A high-performance quadcopter with a 4K HDR camera, 3-axis gimbal, 30-minute flight time, and advanced obstacle avoidance sensors. For serious aerial photographers and videographers."	700	550	"[0.4, 0.9, 0.7, 0.2, 1.0]"
7	Calligrapher Antique Fountain Pen	"A vintage-style fountain pen with a gold-plated nib and a polished resin body. Delivers a smooth, classic writing experience. A throwback to a more deliberate era of communication."	95	40	"[0.8, 0.3, 0.8, 0.1, -1.0]"
8	Party Time Disposable Plates (100pk)	"A bulk pack of paper plates for events and parties. Designed for single use and convenience, allowing for quick and easy cleanup. Not recyclable due to food contamination."	20	3	"[-0.9, 0.8, -1.0, -1.0, -0.5]"
9	Andes Gold Fair-Trade Coffee	"Single-origin, whole-bean Arabica coffee grown in a sustainable, bird-friendly cooperative. Features notes of chocolate and citrus. Certified fair-trade and organic."	25	5	"[0.4, 0.2, 0.1, 1.0, -0.3]"
10	ErgoForm Ergonomic Office Chair	"A fully adjustable office chair with lumbar support, breathable mesh back, and 4D armrests. Designed for all-day comfort and to promote healthy posture. Built with high-density foam and a steel frame."	550	490	"[0.1, 1.0, 0.9, 0.2, 0.3]"
11	Cube Flat-Pack Bookshelf	"A basic, four-shelf bookshelf made from particle board with a laminate finish. Requires self-assembly. A functional, low-cost solution for storage but not built to last a lifetime."	50	15	"[-0.8, 0.7, -0.8, -0.6, -0.4]"
12	SunStream Solar Power Bank	"A rugged, portable 20,000mAh charger with built-in solar panels for emergency recharging. Water-resistant and shockproof, it's ideal for hiking, camping, and off-grid adventures."	65	28	"[0.1, 0.9, 0.7, 0.9, 0.8]"
13	Eclat Designer Silk Scarf	"A 100% mulberry silk scarf featuring a vibrant, abstract print from a celebrated contemporary designer. Extremely delicate and purely an aesthetic statement piece."	199	25	"[1.0, -0.7, -0.6, 0.2, 0.5]"
14	Lumen Generic LED Bulbs (4-pack)	"A four-pack of standard A19 LED light bulbs. Energy-efficient and long-lasting, but offers no smart features or special design. A purely utilitarian product."	25	4	"[-0.9, 0.9, 0.6, 0.4, -0.9]"
15	The Hearth Artisan Sourdough Loaf	"A rustic, naturally leavened sourdough bread, baked daily in a stone oven. Made with organic heritage wheat. Best enjoyed within two days."	12	2	"[0.6, 0.4, -0.9, 0.8, -0.7]"
16	Nexus VR Gaming Headset	"A next-generation virtual reality headset with 4K per-eye resolution, inside-out tracking, and haptic feedback controllers. Delivers an immersive, cutting-edge gaming experience."	699	529	"[0.3, 0.8, 0.5, 0.1, 1.0]"
17	Highlander Hand-Knit Wool Sweater	"A thick, durable sweater made from ethically sourced merino wool and knitted by hand. Incredibly warm and made to last for decades, with a classic cable-knit design."	280	150	"[0.6, 0.7, 1.0, 0.9, -1.0]"
18	Hydra Insulated Steel Water Bottle	A double-wall vacuum-insulated stainless steel bottle that keeps drinks cold for 24 hours or hot for 12. BPA-free and built to withstand daily use and abuse.	35	5	"[0.1, 1.0, 0.9, 0.8, -0.2]"
19	The Odyssey Classic Hardcover	A beautifully bound hardcover edition of the timeless epic. Printed on acid-free paper with a durable cloth cover. A permanent addition to any home library.	45	14	"[0.5, 0.1, 0.8, 0.2, -1.0]"
20	Breathe AI-Powered Air Purifier	A smart air purifier that automatically detects and removes 99.97% of airborne pollutants. Adjusts its fan speed based on real-time air quality data and integrates with home automation systems.	278	198	"[0.5, 0.9, 0.6, 0.3, 0.9]"
21	Verdant Bamboo Toothbrush Set (4pk)	A set of four toothbrushes with handles made from 100% biodegradable bamboo and charcoal-infused bristles. A simple switch to reduce plastic waste in the bathroom.	20	3	"[-0.5, 0.5, -0.7, 1.0, -0.6]"
22	Silence Pro Noise-Cancelling Headphones	"Over-ear headphones with industry-leading active noise cancellation, high-fidelity audio, and a 30-hour battery life. Perfect for travel, open offices, and immersive listening."	255	195	"[0.5, 1.0, 0.7, 0.2, 0.8]"
23	Foundry Cast Iron Skillet	A pre-seasoned 12-inch cast iron skillet that provides superior heat retention and can be used on any heat source. A multi-generational kitchen workhorse.	55	10	"[-0.2, 0.9, 1.0, 0.1, -1.0]"
24	Vibe Fast-Fashion Graphic Tee	A trendy graphic t-shirt made from a thin polyester-cotton blend. The design is timely but the shirt is not made to withstand many wash cycles.	40	3	"[0.3, 0.2, -0.9, -0.8, 0.4]"
25	Momentum Smartwatch	"A sleek smartwatch with GPS, heart rate tracking, and a vibrant AMOLED display. Features a titanium case and a battery that lasts up to 7 days. Syncs with all major fitness apps."	280	215	"[0.7, 0.9, 0.7, 0.3, 0.9]"
26	Nomad Vegan Leather Backpack	"A minimalist backpack made from high-quality, water-resistant vegan leather. Ethically produced, it features a padded laptop compartment and a clean, modern aesthetic."	80	10	"[0.8, 0.7, 0.6, 0.9, 0.2]"
27	Crisp Digital Air Fryer	"A 5.8-quart air fryer that cooks food with 85% less fat. Features a digital touchscreen with presets and a non-stick, dishwasher-safe basket. A functional kitchen staple."	120	55	"[-0.2, 1.0, 0.5, 0.1, 0.6]"
28	Zenith Ultralight Backpacking Tent	"A two-person, three-season tent weighing only 2.5 lbs. Made with ripstop silnylon and DAC aluminum poles. Designed for serious backpackers who prioritize weight and durability."	320	240	"[0.1, 0.9, 0.9, 0.5, 0.4]"
29	Strata Artisanal Ceramic Dinnerware	"A 16-piece set of stoneware dishes, hand-glazed by artisans. Each piece has a unique, rustic finish. Microwave and dishwasher safe, combining beauty with practicality."	200	90	"[0.9, 0.6, 0.8, 0.4, -0.7]"
30	PageTurner E-Reader	"An e-reader with a 7-inch, glare-free E-Ink display and warm light adjustment. Waterproof design and weeks of battery life. A classic piece of focused technology."	120	65	"[0.2, 0.8, 0.6, 0.2, -0.4]"
31	Evergreen DIY Terrarium Kit	"A complete kit to build your own closed terrarium. Includes a hand-blown glass container, soil, moss, and decorative stones. A sustainable, living piece of home decor."	65	8	"[0.5, -0.3, -0.4, 1.0, -0.5]"
32	Aura Scented Soy Candle	"A hand-poured candle made from 100% natural soy wax and essential oils. Housed in a minimalist ceramic vessel. Provides 50+ hours of clean, fragrant burn time."	58	9	"[0.7, -0.6, -0.3, 0.8, -0.8]"
33	Circuit Robotic Vacuum Cleaner	A Wi-Fi connected robotic vacuum with smart mapping technology. Cleans in neat rows and automatically recharges. Can be controlled via voice commands or a mobile app.	179	95	"[0.2, 0.9, 0.6, 0.1, 1.0]"
34	Heritage Cashmere Scarf	An exquisitely soft scarf woven from 100% Mongolian cashmere. A timeless luxury accessory providing exceptional warmth and elegance.	120	25	"[0.9, 0.2, 0.7, 0.3, -1.0]"
35	Pro-Lens 50mm F1.4 Camera Lens	A professional-grade prime lens known for its exceptional sharpness and beautiful bokeh. A purely functional tool for photographers seeking the highest image quality.	740	590	"[0.1, 1.0, 0.9, 0.1, 0.2]"
36	Brewmaster Craft Beer Kit	An all-in-one kit for brewing 1 gallon of IPA at home. Includes all necessary ingredients and reusable equipment. An innovative entry into a classic hobby.	60	20	"[-0.3, 0.6, 0.4, 0.2, 0.7]"
37	Gravity Weighted Blanket	"A 15-lb blanket designed to improve sleep by providing gentle, calming pressure. Features a breathable cotton cover and eco-friendly glass bead filling."	150	70	"[0.1, 0.8, 0.7, 0.6, 0.4]"
38	Flow Cork Yoga Mat	"An anti-microbial yoga mat made from sustainable cork and natural rubber. Provides superior grip, especially during sweaty sessions. 100% biodegradable and plastic-free."	75	7	"[0.2, 0.8, 0.8, 1.0, -0.1]"
39	Glow Premium Skincare Set	"A set of three organic, cruelty-free skincare products (cleanser, serum, moisturizer) formulated with scientifically backed ingredients for visible results."	125	50	"[0.7, 0.7, 0.1, 0.9, 0.6]"
40	Generic Kitchen Sponge (12-pack)	A bulk pack of standard cellulose kitchen sponges. Highly functional for cleaning but designed to be disposed of frequently.	12	1	"[-1.0, 0.8, -1.0, -0.9, -1.0]"
41	Velocity Recycled Running Shoes	High-performance running shoes with a midsole made from recycled foam and an upper woven from reclaimed ocean plastic. Engineered for both speed and sustainability.	150	65	"[0.4, 0.9, 0.6, 1.0, 0.7]"
42	Riff Electric Guitar Starter Pack	"A full-size electric guitar with a small amplifier, cable, strap, and picks. A budget-friendly, functional package for beginners, but not professional quality."	190	80	"[-0.6, 0.7, 0.4, -0.3, -0.2]"
43	Cinema Portable Projector	A palm-sized projector with a built-in battery and speaker. Can create an 80-inch screen on any surface. A novel way to watch movies anywhere.	259	140	"[0.3, 0.8, 0.4, 0.1, 0.9]"
44	Tuscan Grove Extra Virgin Olive Oil	"A premium, cold-pressed olive oil from a single estate in Italy. Packaged in a traditional tin to protect its flavor. An authentic, high-quality pantry item."	35	10	"[0.7, 0.3, -0.2, 0.6, -0.9]"
45	Carbon Road Bicycle	A feather-light road bike with a full carbon fiber frame and electronic shifting. Built for competitive racing and high-performance cycling.	550	400	"[0.5, 1.0, 0.8, 0.2, 1.0]"
46	The Settlers Modern Board Game	A strategic board game of harvesting and trading resources. A modern classic known for its high replayability and social interaction.	55	15	"[0.1, 0.5, 0.7, 0.2, -0.7]"
47	Bespoke Tailored Suit	"A custom-made suit crafted from Italian wool. Involves multiple fittings to ensure a perfect, timeless fit. The epitome of personal style and enduring quality."	280	170	"[1.0, 0.3, 1.0, 0.2, -1.0]"
48	SnackBox Monthly Subscription	A curated box of 12+ artisanal and healthy snacks delivered monthly. Focuses on new and innovative brands. A discovery-based product.	30	3	"[0.3, 0.5, -0.8, 0.6, 0.8]"
49	Arc Minimalist Floor Lamp	"A sleek floor lamp with a simple arc design and a marble base. Provides warm, ambient light. A statement piece of modern, functional decor."	125	15	"[0.8, 0.6, 0.6, 0.1, 0.1]"